Referring page title,Referring page URL,Links To
Startup Portfolio | Institute of Innovation & Entrepreneurship,https://iie.smu.edu.sg/startups,https://www.tracework.ai/
2024-08-03 Newly Registered Domains Page 50,https://newlyregddomains.com/2024-08-03/50,https://www.tracework.ai/
"December 05, 2024 - Page 4 | XploreDomains",https://www.xploredomains.com/2024-12-05?page=4,https://www.tracework.ai/
"December 05, 2024 - Page 4 | XploreDomains",https://www.xploredomains.com/2024-12-05?page=4,https://tracework.ai/
"August 03, 2024 - Page 16 | XploreDomains",https://www.xploredomains.com/2024-08-03?page=16,https://www.tracework.ai/
"Enhance Your Websiteâ€™s Metrics DA,DR and TF with SEO Backlinks â€“ Pay After You See Results! â€“ Enhance Your Websiteâ€™s Metrics DA,DR and TF with SEO Backlinks â€“ Pay After You See Results!",https://www.crossover-p.com/boost-website-metrics-with-seo-backlinks-refill-guarantee-3-6-12-months-2180/,https://www.tracework.ai/
2024-02-20 Newly Registered Domains Page 11,https://newlyregddomains.com/2024-02-20/11,https://www.tracework.ai/
,https://www.unblock.click/pricing,https://www.tracework.ai/pricing
,https://www.unblock.click/log-in?usredir=%2Fuser-account,https://www.tracework.ai/log-in?usredir=%2Fuser-account
,https://www.unblock.click/template/privacy-policy,https://www.tracework.ai/template/privacy-policy
,https://www.unblock.click/post/10-things-nobody-told-you-about-being-a-web-designer,https://www.tracework.ai/post/10-things-nobody-told-you-about-being-a-web-designer
,https://www.unblock.click/post/10-great-examples-of-responsive-websites,https://www.tracework.ai/post/10-great-examples-of-responsive-websites
,https://www.unblock.click/,https://www.tracework.ai/
,https://www.unblock.click/template/change-log,https://www.tracework.ai/template/change-log
,https://www.unblock.click/template/instructions,https://www.tracework.ai/template/instructions
,https://www.heysophie.co/,https://www.tracework.ai/
,https://www.unblock.click/product/basic-plan,https://www.tracework.ai/product/basic-plan
,https://www.unblock.click/product/enterprise-plan,https://www.tracework.ai/product/enterprise-plan
,https://www.unblock.click/product/business-plan,https://www.tracework.ai/product/business-plan
,https://www.unblock.click/post/14-common-misconceptions-about-web-design,https://www.tracework.ai/post/14-common-misconceptions-about-web-design
,https://www.unblock.click/post/7-ways-to-improve-website-usability-and-accessibility,https://www.tracework.ai/post/7-ways-to-improve-website-usability-and-accessibility
,https://www.unblock.click/post/how-to-build-strong-relationships-in-a-digital-age,https://www.tracework.ai/post/how-to-build-strong-relationships-in-a-digital-age
,https://www.unblock.click/post/10-web-design-blogs-you-cant-miss,https://www.tracework.ai/post/10-web-design-blogs-you-cant-miss
"Achieve Highest Ranking and Beat Your Competitors Check Results First, Pay Laterâ€”Guaranteed Success with ProLinkBox â€“ ProLinkBox offers SEO services & high-quality backlinks",https://prolinkbox.com/boost-da-dr-tf-with-refill-guarantee-8841/,https://www.tracework.ai/
,https://www.unblock.click/old-home,https://www.tracework.ai/old-home
,https://www.unblock.click/sign-up,https://www.tracework.ai/sign-up
,https://www.unblock.click/home-pages/home-v3,https://www.tracework.ai/home-pages/home-v3
,https://www.unblock.click/template/style-guide,https://www.tracework.ai/template/style-guide
,https://www.unblock.click/home-pages/home-v1,https://www.tracework.ai/home-pages/home-v1
,https://www.unblock.click/404,https://www.tracework.ai/404
,https://www.unblock.click/privacy-policy,https://www.tracework.ai/privacy-policy
,https://www.unblock.click/checkout,https://www.tracework.ai/checkout
,https://www.unblock.click/log-in,https://www.tracework.ai/log-in
,https://www.unblock.click/template/licensing,https://www.tracework.ai/template/licensing
,https://www.unblock.click/about,https://www.tracework.ai/about
,https://www.unblock.click/blog-pages/blog-v1,https://www.tracework.ai/blog-pages/blog-v1
,https://www.unblock.click/blog-pages/blog-v2,https://www.tracework.ai/blog-pages/blog-v2
,https://www.unblock.click/reset-password,https://www.tracework.ai/reset-password
,https://www.unblock.click/contact-pages/contact-v3,https://www.tracework.ai/contact-pages/contact-v3
,https://www.unblock.click/user-account,https://www.tracework.ai/user-account
,https://www.unblock.click/update-password,https://www.tracework.ai/update-password
,https://www.unblock.click/contact-pages/contact-v2,https://www.tracework.ai/contact-pages/contact-v2
,https://www.unblock.click/contact,https://www.tracework.ai/contact
,https://www.unblock.click/features,https://www.tracework.ai/features
,https://www.unblock.click/blog-pages/blog-v3,https://www.tracework.ai/blog-pages/blog-v3
,https://www.unblock.click/access-denied,https://www.tracework.ai/access-denied
"Forjamos una presencia de marca en la mitad del tiempo previsto, en {Domain}.",https://seoflx.net/o/kpqcl-rank-website-on-first-page/,https://www.tracework.ai/
2024-12-30 Newly Registered Domains Page 3,https://newlyregddomains.com/2024-12-30/3,http://www.tracework.ai/
High-quality backlink service 2024/02/21/105,https://indiatodays.in/list.php?part=2024/02/21/105,https://www.tracework.ai/
View domain time zone in 2024/12/06/249,https://timezonemap.org/domain/list.php?part=2024/12/06/249,https://tracework.ai/
DR DA increase service for website 12/06/2024/363 - backlink.wiki,https://backlink.wiki/domain.php?part=12/06/2024/363,https://tracework.ai/
We tested AI copyâ€”guess what truly mattered? visit SeoFlox.com,https://seoflox.io/q/uibse-rank-website-on-first-page/,https://tracework.ai/
"Our data nails down the best way to get stable traffic, visit SeoFlox.com",https://seoflox.io/q/vasdp-rank-website-on-first-page/,https://www.tracework.ai/
,http://tracework.pro/,http://www.tracework.ai/
Where to buy ðŸš€ aged domains and backlinks ðŸ”¥ from JobsApp | 2773-9253,https://jobsapp.info/d2e7f739add25bbe39de72fbb29cb0f1-l/,https://www.tracework.ai/
Stop Guessing See Real Proof at âœ¨ExLinko.comâœ¨,https://exlinko.org/q/pmwns-rank-website-in-3-weeks/,https://www.tracework.ai/
Stop Guessing See Real Proof at âœ¨ExLinko.comâœ¨,https://exlinko.org/q/pmwns-rank-website-in-3-weeks/,https://tracework.ai/
Done with mediocre ranks? âœ¨ExLinko.comâœ¨,https://exlinko.org/q/fximb-rank-website-in-3-weeks/,https://www.tracework.ai/
View domain time zone in 2024/12/06/249,https://timezonemap.org/domain/list.php?part=2024/12/06/249,https://www.tracework.ai/
Where to buy ðŸš€ aged domains and backlinks ðŸ”¥ from JobsApp | 8628-5694,https://jobsapp.info/8ca6b2d856e9e4da49355dcdfbf95cd4-l/,https://www.tracework.ai/
"September 11, 2024 - Page 129 | XploreDomains",https://www.xploredomains.com/2024-09-11?page=129,https://www.tracework.ai/
We tested AI copyâ€”guess what truly mattered? visit SeoFlox.com,https://seoflox.io/q/uibse-rank-website-on-first-page/,https://www.tracework.ai/
Where to buy ðŸš€ aged domains and backlinks ðŸ”¥ from kompromat100 | 4883-8840,https://kompromat100.info/dom-id-48d8f3d884d08ac7117850218844ede4.html,https://www.tracework.ai/
DR DA increase service for website 12/06/2024/363 - backlink.wiki,https://backlink.wiki/domain.php?part=12/06/2024/363,https://www.tracework.ai/